#conn_type,ptnr1_id,ptnr2_id
metalc,7105,16954
metalc,7018,16955
metalc,7156,16956
metalc,7376,16954
metalc,7397,16954
metalc,7281,16955
metalc,7575,16955
metalc,7177,16956
metalc,7472,16956
metalc,7496,16956
covale,7468,7472
covale,7173,7177
covale,7372,7376
covale,7277,7281
covale,7101,7105
covale,7014,7018
covale,7152,7156
covale,7393,7397
covale,7492,7496
covale,7571,7575
covale,7468,7492
covale,7372,7393
covale,7152,7173
covale,7014,7048
covale,7048,7071
covale,7393,7417
covale,7071,7101
covale,7101,7152
covale,7173,7224
covale,7277,7372
covale,7492,7571
covale,7417,7468
covale,7224,7277
